arm,bin_index,t_us_start,t_us_end,mfma_frac,mfma_denominator,hbm_gbs,xgmi_gbs,tflops
ours,0,0.0,10.0,0.817953,272,2842.811,0.0,357.496
ours,1,10.0,20.0,1.0,272,3474.625,0.0,436.949
ours,2,20.0,30.0,1.0,272,3474.625,0.0,436.949
ours,3,30.0,40.0,1.0,272,3474.625,0.0,436.949
ours,4,40.0,50.0,1.0,272,3474.625,0.0,436.949
ours,5,50.0,60.0,1.0,272,3474.625,0.0,436.949
ours,6,60.0,70.0,1.0,272,3474.625,0.0,436.949
ours,7,70.0,80.0,1.0,272,3474.625,0.0,436.949
ours,8,80.0,90.0,1.0,272,3474.625,0.0,436.949
ours,9,90.0,100.0,1.0,272,3474.625,0.0,436.949
ours,10,100.0,110.0,1.0,272,3474.625,0.0,436.949
ours,11,110.0,120.0,1.0,272,3474.625,0.0,436.949
ours,12,120.0,130.0,1.0,272,3474.625,0.0,436.949
ours,13,130.0,140.0,1.0,272,3474.625,0.0,436.949
ours,14,140.0,150.0,0.804936,272,2798.717,48.681,350.237
ours,15,150.0,160.0,0.001603,272,75.925,395.431,0.69
ours,16,160.0,170.0,0.0,272,71.985,420.431,0.0
ours,17,170.0,180.0,0.0,272,71.985,420.431,0.0
ours,18,180.0,190.0,0.0,272,71.985,420.431,0.0
ours,19,190.0,200.0,0.000181,272,72.449,420.211,0.058
ours,20,200.0,210.0,0.162609,272,477.503,321.514,53.931
ours,21,210.0,220.0,0.358714,272,969.485,219.56,119.459
ours,22,220.0,230.0,0.477599,272,1269.352,161.02,158.291
ours,23,230.0,240.0,0.597931,272,1577.557,100.693,197.465
ours,24,240.0,250.0,0.744179,272,1965.662,37.57,246.653
ours,25,250.0,260.0,0.761029,272,2011.47,30.69,252.414
ours,26,260.0,270.0,0.763449,272,2020.36,30.69,253.627
ours,27,270.0,280.0,0.775975,272,2069.566,28.504,260.048
ours,28,280.0,290.0,0.804894,272,2176.812,21.224,273.744
ours,29,290.0,300.0,0.839022,272,2296.349,11.736,288.776
ours,30,300.0,310.0,0.86758,272,2408.28,4.462,302.852
ours,31,310.0,320.0,0.882251,272,2467.878,0.019,310.347
ours,32,320.0,330.0,0.882353,272,2468.305,0.0,310.4
ours,33,330.0,340.0,0.882353,272,2468.305,0.0,310.4
ours,34,340.0,350.0,0.882353,272,2468.305,0.0,310.4
ours,35,350.0,360.0,0.882353,272,2468.305,0.0,310.4
ours,36,360.0,370.0,0.882353,272,2486.412,0.0,310.4
ours,37,370.0,380.0,0.882353,272,2543.507,0.0,310.4
ours,38,380.0,390.0,0.882353,272,2569.132,0.0,310.4
ours,39,390.0,400.0,0.703039,272,2039.105,66.118,247.644
ours,40,400.0,410.0,0.464696,272,1450.836,202.643,163.264
ours,41,410.0,420.0,0.441176,272,1400.747,220.447,154.6
ours,42,420.0,430.0,0.441176,272,1332.295,220.447,154.6
ours,43,430.0,440.0,0.074584,272,279.303,340.447,26.572
ours,44,440.0,450.0,0.0,272,61.682,371.504,0.0
ours,45,450.0,460.0,0.0,272,18.357,238.744,0.0
ours,46,460.0,470.0,0.0,272,0.0,171.119,0.0
ours,47,470.0,480.0,0.0,272,0.0,171.119,0.0
ours,48,480.0,490.0,0.0,272,0.0,171.119,0.0
ours,49,490.0,500.0,0.0,272,0.0,159.893,0.0
ours,50,500.0,510.0,0.0,272,0.0,99.633,0.0
ours,51,510.0,520.0,0.0,272,0.0,73.745,0.0
ours,52,520.0,530.0,0.0,272,0.0,53.634,0.0
ours,53,530.0,540.0,0.0,272,0.0,51.573,0.0
ours,54,540.0,550.0,0.0,272,0.0,51.573,0.0
ours,55,550.0,560.0,0.0,272,0.0,48.272,0.0
ours,56,560.0,570.0,0.0,272,0.0,40.741,0.0
ours,57,570.0,580.0,0.0,272,0.0,22.052,0.0
ours,58,580.0,590.0,0.0,272,0.0,3.9,0.0
ours,59,590.0,600.0,0.0,272,0.0,0.0,0.0
ours,60,600.0,610.0,0.0,272,0.0,0.0,0.0
ours,61,610.0,620.0,0.0,272,0.0,0.0,0.0
ours,62,620.0,630.0,0.0,272,239.665,0.0,0.0
ours,63,630.0,640.0,0.0,272,1697.002,0.0,0.0
ours,64,640.0,650.0,0.0,272,1500.528,0.0,0.0
ours,65,650.0,660.0,0.0,272,1177.45,0.0,0.0
ours,66,660.0,670.0,0.0,272,1907.32,0.0,0.0
ours,67,670.0,680.0,0.0,272,555.922,0.0,0.0
b0_reference,0,0.0,10.0,1.0,1,457.483,0.0,494.979
b0_reference,1,10.0,20.0,1.0,1,457.483,0.0,494.979
b0_reference,2,20.0,30.0,1.0,1,457.483,0.0,494.979
b0_reference,3,30.0,40.0,1.0,1,457.483,0.0,494.979
b0_reference,4,40.0,50.0,1.0,1,457.483,0.0,494.979
b0_reference,5,50.0,60.0,1.0,1,457.483,0.0,494.979
b0_reference,6,60.0,70.0,1.0,1,457.483,0.0,494.979
b0_reference,7,70.0,80.0,1.0,1,457.483,0.0,494.979
b0_reference,8,80.0,90.0,1.0,1,457.483,0.0,494.979
b0_reference,9,90.0,100.0,1.0,1,457.483,0.0,494.979
b0_reference,10,100.0,110.0,1.0,1,457.483,0.0,494.979
b0_reference,11,110.0,120.0,1.0,1,457.483,0.0,494.979
b0_reference,12,120.0,130.0,1.0,1,457.483,0.0,494.979
b0_reference,13,130.0,140.0,1.0,1,457.483,0.0,494.979
b0_reference,14,140.0,150.0,1.0,1,457.483,0.0,494.979
b0_reference,15,150.0,160.0,1.0,1,457.483,0.0,494.979
b0_reference,16,160.0,170.0,1.0,1,457.483,0.0,494.979
b0_reference,17,170.0,180.0,1.0,1,457.483,0.0,494.979
b0_reference,18,180.0,190.0,1.0,1,457.483,0.0,494.979
b0_reference,19,190.0,200.0,1.0,1,457.483,0.0,494.979
b0_reference,20,200.0,210.0,1.0,1,457.483,0.0,494.979
b0_reference,21,210.0,220.0,1.0,1,457.483,0.0,494.979
b0_reference,22,220.0,230.0,1.0,1,457.483,0.0,494.979
b0_reference,23,230.0,240.0,1.0,1,457.483,0.0,494.979
b0_reference,24,240.0,250.0,0.2958,1,2419.701,0.0,146.415
b0_reference,25,250.0,260.0,0.0,1,3243.933,0.0,0.0
b0_reference,26,260.0,270.0,0.0,1,3243.933,0.0,0.0
b0_reference,27,270.0,280.0,0.0,1,3243.933,0.0,0.0
b0_reference,28,280.0,290.0,0.0,1,1702.374,138.496,0.0
b0_reference,29,290.0,300.0,0.0,1,523.694,244.391,0.0
b0_reference,30,300.0,310.0,0.0,1,523.694,244.391,0.0
b0_reference,31,310.0,320.0,0.0,1,523.694,244.391,0.0
b0_reference,32,320.0,330.0,0.0,1,523.694,244.391,0.0
b0_reference,33,330.0,340.0,0.0,1,523.694,244.391,0.0
b0_reference,34,340.0,350.0,0.0,1,523.694,244.391,0.0
b0_reference,35,350.0,360.0,0.0,1,523.694,244.391,0.0
b0_reference,36,360.0,370.0,0.0,1,523.694,244.391,0.0
b0_reference,37,370.0,380.0,0.0,1,523.694,244.391,0.0
b0_reference,38,380.0,390.0,0.0,1,523.694,244.391,0.0
b0_reference,39,390.0,400.0,0.0,1,523.694,244.391,0.0
b0_reference,40,400.0,410.0,0.0,1,523.694,244.391,0.0
b0_reference,41,410.0,420.0,0.0,1,523.694,244.391,0.0
b0_reference,42,420.0,430.0,0.0,1,523.694,244.391,0.0
b0_reference,43,430.0,440.0,0.0,1,523.694,244.391,0.0
b0_reference,44,440.0,450.0,0.0,1,523.694,244.391,0.0
b0_reference,45,450.0,460.0,0.0,1,523.694,244.391,0.0
b0_reference,46,460.0,470.0,0.0,1,523.694,244.391,0.0
b0_reference,47,470.0,480.0,0.0,1,523.694,244.391,0.0
b0_reference,48,480.0,490.0,0.0,1,523.694,244.391,0.0
b0_reference,49,490.0,500.0,0.0,1,523.694,244.391,0.0
b0_reference,50,500.0,510.0,0.0,1,523.694,244.391,0.0
b0_reference,51,510.0,520.0,0.0,1,523.694,244.391,0.0
b0_reference,52,520.0,530.0,0.0,1,241.161,112.542,0.0
