1787094288,0,152,N/A,58,50
1787094288,1,162,N/A,54,45
1787094288,2,165,N/A,59,50
1787094288,3,169,N/A,52,42
1787094288,4,171,N/A,54,44
1787094288,5,150,N/A,60,48
1787094288,6,175,N/A,58,48
1787094288,7,188,N/A,54,44
1787094290,0,1777,N/A,58,50
1787094290,1,2003,N/A,55,45
1787094290,2,1812,N/A,59,50
1787094290,3,1576,N/A,52,42
1787094290,4,2120,N/A,54,43
1787094290,5,2065,N/A,60,48
1787094290,6,2099,N/A,58,48
1787094290,7,1921,N/A,54,44
1787094292,0,2202,N/A,58,49
1787094292,1,2210,N/A,55,46
1787094292,2,2207,N/A,59,50
1787094292,3,2208,N/A,52,42
1787094292,4,2207,N/A,55,43
1787094292,5,2212,N/A,60,48
1787094292,6,2210,N/A,58,48
1787094292,7,2192,N/A,54,44
1787094294,0,2202,N/A,58,49
1787094294,1,2211,N/A,55,46
1787094294,2,2206,N/A,60,51
1787094294,3,2208,N/A,53,42
1787094294,4,2208,N/A,55,43
1787094294,5,2212,N/A,60,49
1787094294,6,2210,N/A,58,48
1787094294,7,2192,N/A,54,44
1787094296,0,1407,N/A,58,50
1787094296,1,1404,N/A,55,46
1787094296,2,1409,N/A,60,51
1787094296,3,1411,N/A,53,42
1787094296,4,1421,N/A,55,43
1787094296,5,1407,N/A,60,48
1787094296,6,1417,N/A,58,48
1787094296,7,1410,N/A,54,44
1787094298,0,2202,N/A,58,50
1787094298,1,2210,N/A,55,46
1787094298,2,2207,N/A,60,51
1787094298,3,2208,N/A,53,42
1787094298,4,2208,N/A,55,43
1787094298,5,2212,N/A,60,48
1787094298,6,2210,N/A,58,48
1787094298,7,2203,N/A,54,44
1787094300,0,2202,N/A,58,49
1787094300,1,2211,N/A,55,45
1787094300,2,2206,N/A,60,50
1787094300,3,2208,N/A,53,42
1787094300,4,2208,N/A,55,43
1787094300,5,2212,N/A,60,49
1787094300,6,2211,N/A,58,48
1787094300,7,2203,N/A,54,44
1787094303,0,2202,N/A,58,50
1787094303,1,2208,N/A,55,46
1787094303,2,2205,N/A,60,51
1787094303,3,2206,N/A,53,43
1787094303,4,2207,N/A,55,44
1787094303,5,2212,N/A,60,48
1787094303,6,2210,N/A,58,48
1787094303,7,2199,N/A,54,44
1787094305,0,2201,N/A,58,50
1787094305,1,2209,N/A,55,46
1787094305,2,2205,N/A,60,51
1787094305,3,2206,N/A,53,42
1787094305,4,2207,N/A,55,44
1787094305,5,2212,N/A,60,49
1787094305,6,2209,N/A,58,49
1787094305,7,2199,N/A,54,44
1787094307,0,2202,N/A,58,50
1787094307,1,2208,N/A,55,46
1787094307,2,2205,N/A,60,51
1787094307,3,2205,N/A,53,43
1787094307,4,2204,N/A,55,43
1787094307,5,2211,N/A,60,49
1787094307,6,2210,N/A,58,49
1787094307,7,2201,N/A,54,44
1787094309,0,2202,N/A,58,50
1787094309,1,2208,N/A,55,46
1787094309,2,2205,N/A,60,51
1787094309,3,2203,N/A,53,43
1787094309,4,2207,N/A,55,44
1787094309,5,2211,N/A,61,49
1787094309,6,2209,N/A,58,49
1787094309,7,2200,N/A,54,44
1787094311,0,2202,N/A,58,50
1787094311,1,2208,N/A,55,46
1787094311,2,2206,N/A,60,51
1787094311,3,2206,N/A,53,43
1787094311,4,2206,N/A,55,44
1787094311,5,2211,N/A,61,49
1787094311,6,2210,N/A,58,49
1787094311,7,2201,N/A,54,44
1787094313,0,2201,N/A,58,50
1787094313,1,2208,N/A,55,46
1787094313,2,2205,N/A,60,51
1787094313,3,2207,N/A,53,43
1787094313,4,2205,N/A,55,44
1787094313,5,2211,N/A,61,49
1787094313,6,2207,N/A,58,49
1787094313,7,2202,N/A,55,44
1787094316,0,2201,N/A,59,50
1787094316,1,2206,N/A,55,46
1787094316,2,2206,N/A,60,51
1787094316,3,2207,N/A,53,43
1787094316,4,2205,N/A,55,44
1787094316,5,2212,N/A,61,49
1787094316,6,2210,N/A,58,49
1787094316,7,2203,N/A,55,44
1787094318,0,2200,N/A,58,51
1787094318,1,2209,N/A,55,46
1787094318,2,2205,N/A,60,51
1787094318,3,2206,N/A,53,43
1787094318,4,2207,N/A,55,44
1787094318,5,2211,N/A,61,49
1787094318,6,2209,N/A,58,49
1787094318,7,2202,N/A,55,44
1787094320,0,2201,N/A,59,50
1787094320,1,2209,N/A,55,46
1787094320,2,2205,N/A,60,51
1787094320,3,2207,N/A,53,42
1787094320,4,2207,N/A,55,44
1787094320,5,2212,N/A,61,49
1787094320,6,2210,N/A,58,49
1787094320,7,2198,N/A,55,44
1787094322,0,2202,N/A,59,50
1787094322,1,2208,N/A,55,46
1787094322,2,2205,N/A,60,51
1787094322,3,2203,N/A,53,43
1787094322,4,2206,N/A,55,44
1787094322,5,2212,N/A,61,49
1787094322,6,2200,N/A,59,49
1787094322,7,2197,N/A,55,44
1787094324,0,2192,N/A,59,50
1787094324,1,2188,N/A,55,46
1787094324,2,2192,N/A,61,51
1787094324,3,2200,N/A,53,43
1787094324,4,2207,N/A,55,44
1787094324,5,2212,N/A,61,49
1787094324,6,2200,N/A,59,49
1787094324,7,2176,N/A,55,44
1787094326,0,383,N/A,59,50
1787094326,1,408,N/A,55,46
1787094326,2,385,N/A,60,51
1787094326,3,358,N/A,53,42
1787094326,4,406,N/A,55,44
1787094326,5,416,N/A,61,49
1787094326,6,400,N/A,59,49
1787094326,7,364,N/A,55,44
1787094328,0,2202,N/A,59,50
1787094328,1,2210,N/A,55,46
1787094328,2,2206,N/A,60,51
1787094328,3,2208,N/A,53,42
1787094328,4,2208,N/A,55,44
1787094328,5,2212,N/A,61,49
1787094328,6,2210,N/A,59,49
1787094328,7,2202,N/A,55,44
1787094331,0,2202,N/A,59,51
1787094331,1,2210,N/A,55,46
1787094331,2,2206,N/A,61,51
1787094331,3,2208,N/A,53,42
1787094331,4,2208,N/A,55,43
1787094331,5,2212,N/A,61,49
1787094331,6,2210,N/A,59,49
1787094331,7,2202,N/A,55,44
1787094333,0,1414,N/A,59,51
1787094333,1,1418,N/A,55,46
1787094333,2,1413,N/A,60,51
1787094333,3,1412,N/A,53,43
1787094333,4,1429,N/A,55,44
1787094333,5,1419,N/A,61,49
1787094333,6,1426,N/A,59,49
1787094333,7,1417,N/A,55,44
1787094335,0,2202,N/A,59,51
1787094335,1,2211,N/A,55,46
1787094335,2,2010,N/A,60,51
1787094335,3,2208,N/A,53,43
1787094335,4,2207,N/A,55,44
1787094335,5,2213,N/A,61,49
1787094335,6,2210,N/A,59,49
1787094335,7,2204,N/A,55,44
1787094337,0,2202,N/A,59,51
1787094337,1,2211,N/A,55,46
1787094337,2,2207,N/A,61,51
1787094337,3,2208,N/A,53,42
1787094337,4,2207,N/A,55,44
1787094337,5,2213,N/A,61,49
1787094337,6,2081,N/A,59,49
1787094337,7,2203,N/A,55,44
1787094339,0,2201,N/A,59,50
1787094339,1,2210,N/A,55,46
1787094339,2,2206,N/A,61,51
1787094339,3,2208,N/A,53,43
1787094339,4,2207,N/A,55,43
1787094339,5,2213,N/A,61,49
1787094339,6,2209,N/A,59,49
1787094339,7,2202,N/A,55,44
1787094341,0,2201,N/A,59,51
1787094341,1,2208,N/A,55,46
1787094341,2,2206,N/A,61,51
1787094341,3,2208,N/A,53,42
1787094341,4,2207,N/A,55,44
1787094341,5,2211,N/A,61,49
1787094341,6,2208,N/A,59,49
1787094341,7,2201,N/A,55,44
1787094344,0,2200,N/A,59,50
1787094344,1,2209,N/A,55,46
1787094344,2,2206,N/A,61,51
1787094344,3,2206,N/A,53,43
1787094344,4,2206,N/A,55,44
1787094344,5,2211,N/A,61,49
1787094344,6,2208,N/A,59,49
1787094344,7,2200,N/A,55,44
1787094346,0,2202,N/A,59,50
1787094346,1,2208,N/A,55,46
1787094346,2,2206,N/A,61,51
1787094346,3,2207,N/A,53,43
1787094346,4,2206,N/A,55,44
1787094346,5,2212,N/A,61,49
1787094346,6,2209,N/A,59,49
1787094346,7,2199,N/A,55,44
1787094348,0,2202,N/A,59,50
1787094348,1,2208,N/A,55,46
1787094348,2,2205,N/A,61,51
1787094348,3,2207,N/A,53,42
1787094348,4,2205,N/A,55,44
1787094348,5,2212,N/A,61,49
1787094348,6,2209,N/A,59,49
1787094348,7,2194,N/A,55,44
1787094350,0,2199,N/A,59,51
1787094350,1,2208,N/A,55,47
1787094350,2,2205,N/A,61,51
1787094350,3,2207,N/A,53,43
1787094350,4,2206,N/A,55,44
1787094350,5,2212,N/A,61,49
1787094350,6,2208,N/A,59,49
1787094350,7,2200,N/A,55,44
1787094352,0,2201,N/A,59,51
1787094352,1,2209,N/A,55,46
1787094352,2,2206,N/A,61,51
1787094352,3,2207,N/A,53,43
1787094352,4,2206,N/A,55,44
1787094352,5,2211,N/A,61,49
1787094352,6,2207,N/A,59,49
1787094352,7,2201,N/A,55,45
1787094354,0,2203,N/A,59,51
1787094354,1,2205,N/A,55,46
1787094354,2,2207,N/A,61,51
1787094354,3,2208,N/A,53,43
1787094354,4,2207,N/A,55,44
1787094354,5,2212,N/A,61,49
1787094354,6,2205,N/A,59,49
1787094354,7,2196,N/A,55,44
1787094357,0,2202,N/A,59,51
1787094357,1,2208,N/A,55,46
1787094357,2,2204,N/A,61,51
1787094357,3,2208,N/A,53,43
1787094357,4,2207,N/A,55,44
1787094357,5,2211,N/A,61,49
1787094357,6,2209,N/A,59,49
1787094357,7,2201,N/A,55,44
1787094359,0,2201,N/A,59,51
1787094359,1,2208,N/A,55,46
1787094359,2,2206,N/A,61,52
1787094359,3,2201,N/A,53,43
1787094359,4,2201,N/A,55,44
1787094359,5,2212,N/A,61,49
1787094359,6,2209,N/A,59,49
1787094359,7,2201,N/A,55,44
1787094361,0,2202,N/A,59,51
1787094361,1,2207,N/A,55,46
1787094361,2,2205,N/A,61,51
1787094361,3,2204,N/A,53,42
1787094361,4,2207,N/A,55,44
1787094361,5,2211,N/A,61,49
1787094361,6,2199,N/A,59,49
1787094361,7,2201,N/A,55,44
1787094363,0,1954,N/A,59,51
1787094363,1,1773,N/A,55,47
1787094363,2,1889,N/A,61,52
1787094363,3,2041,N/A,53,43
1787094363,4,1492,N/A,55,44
1787094363,5,968,N/A,61,50
1787094363,6,1301,N/A,59,50
1787094363,7,1701,N/A,55,44
1787094365,0,2202,N/A,59,51
1787094365,1,2208,N/A,55,46
1787094365,2,2204,N/A,61,51
1787094365,3,2207,N/A,53,42
1787094365,4,2205,N/A,55,44
1787094365,5,2206,N/A,61,50
1787094365,6,2196,N/A,59,49
1787094365,7,2201,N/A,55,44
1787094367,0,2202,N/A,59,51
1787094367,1,2210,N/A,55,46
1787094367,2,2206,N/A,61,51
1787094367,3,2208,N/A,53,43
1787094367,4,2207,N/A,55,44
1787094367,5,2213,N/A,61,49
1787094367,6,2200,N/A,59,49
1787094367,7,2203,N/A,55,44
1787094369,0,1996,N/A,59,50
1787094369,1,2210,N/A,55,46
1787094369,2,2150,N/A,61,52
1787094369,3,1824,N/A,53,43
1787094369,4,2208,N/A,55,44
1787094369,5,2213,N/A,61,49
1787094369,6,2200,N/A,59,49
1787094369,7,2203,N/A,55,44
1787094372,0,2194,N/A,59,51
1787094372,1,2211,N/A,55,46
1787094372,2,2206,N/A,61,51
1787094372,3,2208,N/A,53,43
1787094372,4,2207,N/A,55,44
1787094372,5,2212,N/A,61,49
1787094372,6,2209,N/A,59,49
1787094372,7,2202,N/A,55,44
1787094374,0,2202,N/A,59,50
1787094374,1,2195,N/A,55,46
1787094374,2,2199,N/A,61,51
1787094374,3,2208,N/A,53,43
1787094374,4,2202,N/A,55,44
1787094374,5,2213,N/A,61,49
1787094374,6,2210,N/A,59,49
1787094374,7,2203,N/A,55,44
1787094376,0,2203,N/A,59,51
1787094376,1,2210,N/A,55,46
1787094376,2,2206,N/A,61,51
1787094376,3,2208,N/A,53,43
1787094376,4,2203,N/A,55,44
1787094376,5,2210,N/A,61,50
1787094376,6,2209,N/A,59,49
1787094376,7,2202,N/A,55,44
1787094378,0,2199,N/A,59,51
1787094378,1,2209,N/A,55,46
1787094378,2,2205,N/A,61,51
1787094378,3,2207,N/A,53,43
1787094378,4,2206,N/A,55,44
1787094378,5,2211,N/A,61,49
1787094378,6,2206,N/A,59,49
1787094378,7,2202,N/A,55,44
1787094380,0,2200,N/A,59,51
1787094380,1,2208,N/A,55,46
1787094380,2,2205,N/A,61,51
1787094380,3,2206,N/A,53,43
1787094380,4,2205,N/A,55,44
1787094380,5,2211,N/A,61,50
1787094380,6,2208,N/A,59,49
1787094380,7,2200,N/A,55,44
1787094382,0,2200,N/A,59,51
1787094382,1,2208,N/A,55,46
1787094382,2,2204,N/A,61,51
1787094382,3,2206,N/A,53,43
1787094382,4,2205,N/A,55,44
1787094382,5,2211,N/A,61,49
1787094382,6,2207,N/A,59,49
1787094382,7,2197,N/A,55,44
1787094385,0,2202,N/A,59,50
1787094385,1,2208,N/A,55,46
1787094385,2,2204,N/A,61,51
1787094385,3,2208,N/A,53,43
1787094385,4,2206,N/A,55,44
1787094385,5,2211,N/A,61,49
1787094385,6,2208,N/A,59,49
1787094385,7,2200,N/A,55,44
1787094387,0,2202,N/A,59,51
1787094387,1,2208,N/A,55,47
1787094387,2,2206,N/A,61,52
1787094387,3,2206,N/A,53,43
1787094387,4,2207,N/A,55,43
1787094387,5,2212,N/A,61,50
1787094387,6,2207,N/A,59,49
1787094387,7,2200,N/A,55,44
1787094389,0,2198,N/A,59,51
1787094389,1,2208,N/A,55,46
1787094389,2,2205,N/A,61,52
1787094389,3,2207,N/A,53,43
1787094389,4,2206,N/A,55,44
1787094389,5,2211,N/A,61,50
1787094389,6,2208,N/A,59,49
1787094389,7,2199,N/A,55,44
1787094391,0,2202,N/A,59,50
1787094391,1,2211,N/A,55,47
1787094391,2,2204,N/A,61,52
1787094391,3,2207,N/A,53,43
1787094391,4,2208,N/A,55,44
1787094391,5,2211,N/A,61,50
1787094391,6,2209,N/A,59,49
1787094391,7,2202,N/A,55,45
1787094393,0,2201,N/A,59,51
1787094393,1,2209,N/A,55,46
1787094393,2,2204,N/A,61,52
1787094393,3,2205,N/A,53,42
1787094393,4,2205,N/A,55,44
1787094393,5,2210,N/A,61,50
1787094393,6,2198,N/A,59,49
1787094393,7,2202,N/A,55,44
1787094395,0,2202,N/A,59,51
1787094395,1,2208,N/A,55,46
1787094395,2,2204,N/A,61,52
1787094395,3,2207,N/A,53,43
1787094395,4,2207,N/A,55,44
1787094395,5,2210,N/A,61,50
1787094395,6,2198,N/A,59,49
1787094395,7,2200,N/A,55,44
1787094397,0,2201,N/A,59,51
1787094397,1,2208,N/A,55,47
1787094397,2,2204,N/A,61,52
1787094397,3,2205,N/A,53,42
1787094397,4,2207,N/A,55,44
1787094397,5,2210,N/A,61,50
1787094397,6,2199,N/A,59,49
1787094397,7,2199,N/A,55,44
1787094400,0,1103,N/A,59,51
1787094400,1,1223,N/A,55,46
1787094400,2,1118,N/A,61,52
1787094400,3,982,N/A,53,43
1787094400,4,1245,N/A,55,44
1787094400,5,1385,N/A,61,50
1787094400,6,1286,N/A,59,49
1787094400,7,1097,N/A,55,44
1787094402,0,1969,N/A,59,51
1787094402,1,1802,N/A,55,46
1787094402,2,1907,N/A,61,51
1787094402,3,2051,N/A,53,43
1787094402,4,1511,N/A,55,44
1787094402,5,996,N/A,61,50
1787094402,6,1315,N/A,59,49
1787094402,7,1717,N/A,55,44
1787094404,0,2203,N/A,59,51
1787094404,1,2211,N/A,55,46
1787094404,2,2204,N/A,61,52
1787094404,3,2208,N/A,53,43
1787094404,4,2208,N/A,55,44
1787094404,5,2212,N/A,61,50
1787094404,6,2211,N/A,59,49
1787094404,7,2203,N/A,55,44
1787094406,0,2203,N/A,59,51
1787094406,1,2210,N/A,55,46
1787094406,2,2205,N/A,61,52
1787094406,3,2208,N/A,53,43
1787094406,4,2208,N/A,55,44
1787094406,5,2213,N/A,61,50
1787094406,6,2210,N/A,59,50
1787094406,7,2203,N/A,55,44
1787094408,0,2201,N/A,59,51
1787094408,1,2208,N/A,55,46
1787094408,2,2202,N/A,61,52
1787094408,3,2206,N/A,53,43
1787094408,4,2200,N/A,55,44
1787094408,5,2210,N/A,61,50
1787094408,6,2208,N/A,59,49
1787094408,7,2201,N/A,55,44
1787094410,0,2203,N/A,59,51
1787094410,1,2210,N/A,55,46
1787094410,2,2205,N/A,61,52
1787094410,3,2209,N/A,53,42
1787094410,4,2202,N/A,55,44
1787094410,5,2212,N/A,61,49
1787094410,6,2210,N/A,59,49
1787094410,7,2192,N/A,55,44
1787094413,0,2204,N/A,59,51
1787094413,1,2210,N/A,55,46
1787094413,2,2204,N/A,61,52
1787094413,3,2208,N/A,53,43
1787094413,4,2208,N/A,55,44
1787094413,5,2211,N/A,61,50
1787094413,6,1959,N/A,59,49
1787094413,7,2193,N/A,55,45
1787094415,0,2200,N/A,59,51
1787094415,1,2208,N/A,55,46
1787094415,2,2205,N/A,61,52
1787094415,3,2207,N/A,53,43
1787094415,4,2206,N/A,55,44
1787094415,5,2212,N/A,61,50
1787094415,6,2206,N/A,59,49
1787094415,7,2200,N/A,55,45
1787094417,0,2201,N/A,59,51
1787094417,1,2208,N/A,56,46
1787094417,2,2204,N/A,61,52
1787094417,3,2207,N/A,53,43
1787094417,4,2207,N/A,55,44
1787094417,5,2212,N/A,61,50
1787094417,6,2208,N/A,59,50
1787094417,7,2202,N/A,55,44
1787094419,0,2201,N/A,59,51
1787094419,1,2208,N/A,56,47
1787094419,2,2204,N/A,61,51
1787094419,3,2208,N/A,53,43
1787094419,4,2206,N/A,55,44
1787094419,5,2211,N/A,61,50
1787094419,6,2208,N/A,59,50
1787094419,7,2199,N/A,55,44
1787094421,0,2201,N/A,59,51
1787094421,1,2209,N/A,56,46
1787094421,2,2203,N/A,61,51
1787094421,3,2208,N/A,53,43
1787094421,4,2206,N/A,55,44
1787094421,5,2213,N/A,61,50
1787094421,6,2207,N/A,59,49
1787094421,7,2198,N/A,55,44
1787094423,0,2202,N/A,59,51
1787094423,1,2209,N/A,56,46
1787094423,2,2204,N/A,61,51
1787094423,3,2207,N/A,53,43
1787094423,4,2206,N/A,55,44
1787094423,5,2212,N/A,61,50
1787094423,6,2208,N/A,59,50
1787094423,7,2202,N/A,55,44
1787094426,0,2201,N/A,59,51
1787094426,1,2207,N/A,56,47
1787094426,2,2204,N/A,61,52
1787094426,3,2202,N/A,53,43
1787094426,4,2206,N/A,55,44
1787094426,5,2210,N/A,61,50
1787094426,6,2203,N/A,59,49
1787094426,7,2200,N/A,55,45
1787094428,0,2202,N/A,59,51
1787094428,1,2207,N/A,56,47
1787094428,2,2205,N/A,61,51
1787094428,3,2207,N/A,53,43
1787094428,4,2207,N/A,55,44
1787094428,5,2211,N/A,61,50
1787094428,6,2207,N/A,59,49
1787094428,7,2197,N/A,55,45
1787094430,0,2202,N/A,59,51
1787094430,1,2208,N/A,56,47
1787094430,2,2204,N/A,61,52
1787094430,3,2207,N/A,53,43
1787094430,4,2207,N/A,55,44
1787094430,5,2211,N/A,61,50
1787094430,6,2208,N/A,59,49
1787094430,7,2202,N/A,55,45
1787094432,0,2202,N/A,59,51
1787094432,1,2208,N/A,56,47
1787094432,2,2205,N/A,61,52
1787094432,3,2202,N/A,53,43
1787094432,4,2201,N/A,55,44
1787094432,5,2211,N/A,61,50
1787094432,6,2209,N/A,59,49
1787094432,7,2196,N/A,55,44
1787094434,0,2202,N/A,59,50
1787094434,1,2208,N/A,56,46
1787094434,2,2205,N/A,61,52
1787094434,3,2207,N/A,53,43
1787094434,4,2207,N/A,55,44
1787094434,5,2211,N/A,61,50
1787094434,6,2209,N/A,59,50
1787094434,7,2197,N/A,55,44
1787094436,0,207,N/A,59,51
1787094436,1,196,N/A,56,47
1787094436,2,203,N/A,61,52
1787094436,3,200,N/A,53,43
1787094436,4,211,N/A,55,44
1787094436,5,214,N/A,61,50
1787094436,6,208,N/A,59,49
1787094436,7,198,N/A,55,44
1787094438,0,899,N/A,59,51
1787094438,1,976,N/A,56,46
1787094438,2,890,N/A,61,52
1787094438,3,802,N/A,53,43
1787094438,4,1003,N/A,55,44
1787094438,5,1112,N/A,61,50
1787094438,6,1004,N/A,59,49
1787094438,7,886,N/A,55,44
1787094441,0,2203,N/A,59,51
1787094441,1,2211,N/A,56,46
1787094441,2,2206,N/A,61,52
1787094441,3,2202,N/A,53,43
1787094441,4,2208,N/A,55,44
1787094441,5,2213,N/A,61,50
1787094441,6,2198,N/A,59,49
1787094441,7,2203,N/A,55,44
1787094443,0,2204,N/A,59,51
1787094443,1,2211,N/A,56,47
1787094443,2,2206,N/A,61,52
1787094443,3,2202,N/A,53,42
1787094443,4,2208,N/A,55,44
1787094443,5,2213,N/A,61,50
1787094443,6,2198,N/A,59,49
1787094443,7,2203,N/A,55,44
1787094445,0,1836,N/A,59,50
1787094445,1,1841,N/A,55,46
1787094445,2,1852,N/A,61,51
1787094445,3,1835,N/A,53,43
1787094445,4,1868,N/A,55,44
1787094445,5,1874,N/A,61,50
1787094445,6,1886,N/A,59,49
1787094445,7,1885,N/A,55,44
1787094447,0,2202,N/A,59,51
1787094447,1,2211,N/A,55,46
1787094447,2,2114,N/A,61,52
1787094447,3,2200,N/A,53,43
1787094447,4,2208,N/A,55,44
1787094447,5,2212,N/A,61,50
1787094447,6,2209,N/A,59,50
1787094447,7,2203,N/A,55,44
1787094449,0,2203,N/A,59,51
1787094449,1,2210,N/A,55,46
1787094449,2,2206,N/A,61,52
1787094449,3,2201,N/A,53,43
1787094449,4,2208,N/A,55,44
1787094449,5,2211,N/A,61,50
1787094449,6,2168,N/A,59,49
1787094449,7,2203,N/A,55,44
1787094451,0,2200,N/A,59,50
1787094451,1,2208,N/A,56,46
1787094451,2,2205,N/A,61,52
1787094451,3,2206,N/A,53,43
1787094451,4,2205,N/A,55,44
1787094451,5,2211,N/A,61,50
1787094451,6,2208,N/A,59,49
1787094451,7,2197,N/A,55,44
1787094454,0,2200,N/A,59,51
1787094454,1,2209,N/A,56,46
1787094454,2,2205,N/A,61,52
1787094454,3,2206,N/A,53,43
1787094454,4,2207,N/A,55,44
1787094454,5,2211,N/A,61,50
1787094454,6,2206,N/A,59,49
1787094454,7,2201,N/A,55,44
1787094456,0,2201,N/A,59,51
1787094456,1,2208,N/A,56,46
1787094456,2,2205,N/A,61,52
1787094456,3,2207,N/A,53,42
1787094456,4,2207,N/A,55,44
1787094456,5,2211,N/A,61,50
1787094456,6,2209,N/A,59,49
1787094456,7,2201,N/A,55,44
1787094458,0,2202,N/A,59,51
1787094458,1,2209,N/A,56,46
1787094458,2,2205,N/A,61,52
1787094458,3,2205,N/A,53,43
1787094458,4,2207,N/A,55,44
1787094458,5,2211,N/A,61,50
1787094458,6,2207,N/A,59,49
1787094458,7,2200,N/A,55,44
1787094460,0,2201,N/A,59,51
1787094460,1,2208,N/A,56,46
1787094460,2,2205,N/A,61,52
1787094460,3,2206,N/A,53,43
1787094460,4,2204,N/A,55,44
1787094460,5,2211,N/A,61,50
1787094460,6,2209,N/A,59,49
1787094460,7,2198,N/A,55,45
1787094462,0,2201,N/A,59,51
1787094462,1,2209,N/A,56,46
1787094462,2,2206,N/A,61,52
1787094462,3,2207,N/A,53,43
1787094462,4,2205,N/A,55,44
1787094462,5,2210,N/A,61,50
1787094462,6,2209,N/A,59,49
1787094462,7,2202,N/A,55,45
1787094464,0,2202,N/A,59,51
1787094464,1,2209,N/A,55,46
1787094464,2,2205,N/A,61,52
1787094464,3,2206,N/A,53,43
1787094464,4,2207,N/A,55,44
1787094464,5,2211,N/A,61,50
1787094464,6,2203,N/A,59,50
1787094464,7,2200,N/A,55,44
1787094466,0,2202,N/A,59,51
1787094466,1,2208,N/A,55,46
1787094466,2,2205,N/A,61,51
1787094466,3,2207,N/A,53,43
1787094466,4,2207,N/A,55,44
1787094466,5,2211,N/A,61,50
1787094466,6,2208,N/A,59,50
1787094466,7,2201,N/A,55,44
1787094469,0,2202,N/A,59,51
1787094469,1,2209,N/A,55,46
1787094469,2,2204,N/A,61,52
1787094469,3,2206,N/A,53,43
1787094469,4,2205,N/A,55,44
1787094469,5,2210,N/A,62,50
1787094469,6,2209,N/A,59,49
1787094469,7,2201,N/A,55,44
1787094471,0,2201,N/A,59,51
1787094471,1,2207,N/A,55,46
1787094471,2,2204,N/A,61,51
1787094471,3,2207,N/A,53,43
1787094471,4,2202,N/A,55,44
1787094471,5,2211,N/A,61,50
1787094471,6,2209,N/A,59,49
1787094471,7,2202,N/A,55,44
1787094473,0,2187,N/A,59,50
1787094473,1,2201,N/A,56,46
1787094473,2,2180,N/A,61,52
1787094473,3,2196,N/A,53,43
1787094473,4,2201,N/A,55,44
1787094473,5,2212,N/A,61,50
1787094473,6,2199,N/A,59,49
1787094473,7,2197,N/A,55,44
1787094475,0,423,N/A,59,51
1787094475,1,449,N/A,55,47
1787094475,2,420,N/A,61,52
1787094475,3,383,N/A,53,43
1787094475,4,454,N/A,55,44
1787094475,5,490,N/A,61,50
1787094475,6,458,N/A,59,49
1787094475,7,420,N/A,55,44
1787094477,0,2203,N/A,59,51
1787094477,1,2211,N/A,55,47
1787094477,2,2205,N/A,61,52
1787094477,3,2208,N/A,53,43
1787094477,4,2207,N/A,55,44
1787094477,5,2212,N/A,61,50
1787094477,6,2200,N/A,59,50
1787094477,7,2203,N/A,55,44
1787094479,0,2203,N/A,59,51
1787094479,1,2210,N/A,55,47
1787094479,2,2206,N/A,61,52
1787094479,3,2207,N/A,53,43
1787094479,4,2208,N/A,55,44
1787094479,5,2211,N/A,61,50
1787094479,6,2200,N/A,59,49
1787094479,7,2202,N/A,55,45
1787094482,0,1418,N/A,59,51
1787094482,1,1423,N/A,55,46
1787094482,2,1416,N/A,61,52
1787094482,3,1415,N/A,53,42
1787094482,4,1439,N/A,55,44
1787094482,5,1441,N/A,61,50
1787094482,6,1443,N/A,59,49
1787094482,7,1417,N/A,55,44
1787094484,0,2202,N/A,59,51
1787094484,1,2211,N/A,55,47
1787094484,2,2132,N/A,61,51
1787094484,3,2208,N/A,53,43
1787094484,4,2208,N/A,55,44
1787094484,5,2211,N/A,61,50
1787094484,6,2210,N/A,59,49
1787094484,7,2202,N/A,55,44
1787094486,0,2202,N/A,59,51
1787094486,1,2210,N/A,55,46
1787094486,2,2206,N/A,61,52
1787094486,3,2208,N/A,53,43
1787094486,4,2202,N/A,55,44
1787094486,5,2212,N/A,61,50
1787094486,6,2210,N/A,59,49
1787094486,7,2165,N/A,55,44
1787094488,0,2202,N/A,59,51
1787094488,1,2210,N/A,55,46
1787094488,2,2205,N/A,61,51
1787094488,3,2207,N/A,53,43
1787094488,4,2201,N/A,55,44
1787094488,5,2211,N/A,61,50
1787094488,6,2208,N/A,59,49
1787094488,7,2202,N/A,55,44
1787094490,0,2202,N/A,59,51
1787094490,1,2207,N/A,55,46
1787094490,2,2205,N/A,61,52
1787094490,3,2206,N/A,53,42
1787094490,4,2205,N/A,55,44
1787094490,5,2211,N/A,61,50
1787094490,6,2209,N/A,59,50
1787094490,7,2201,N/A,55,44
1787094492,0,2201,N/A,59,51
1787094492,1,2208,N/A,55,46
1787094492,2,2205,N/A,61,51
1787094492,3,2208,N/A,53,43
1787094492,4,2207,N/A,55,44
1787094492,5,2211,N/A,61,50
1787094492,6,2207,N/A,59,50
1787094492,7,2201,N/A,55,44
1787094495,0,2200,N/A,59,51
1787094495,1,2208,N/A,55,46
1787094495,2,2205,N/A,61,52
1787094495,3,2208,N/A,53,42
1787094495,4,2206,N/A,55,44
1787094495,5,2210,N/A,61,50
1787094495,6,2209,N/A,59,50
1787094495,7,2201,N/A,55,44
1787094497,0,2202,N/A,59,50
1787094497,1,2207,N/A,55,46
1787094497,2,2206,N/A,61,52
1787094497,3,2208,N/A,53,43
1787094497,4,2207,N/A,55,44
1787094497,5,2212,N/A,61,50
1787094497,6,2209,N/A,59,49
1787094497,7,2200,N/A,55,44
1787094499,0,2199,N/A,59,51
1787094499,1,2208,N/A,55,46
1787094499,2,2206,N/A,61,52
1787094499,3,2207,N/A,53,42
1787094499,4,2206,N/A,55,44
1787094499,5,2211,N/A,61,50
1787094499,6,2209,N/A,59,49
1787094499,7,2200,N/A,55,44
1787094501,0,2201,N/A,59,51
1787094501,1,2210,N/A,55,47
1787094501,2,2206,N/A,61,52
1787094501,3,2208,N/A,53,43
1787094501,4,2207,N/A,55,44
1787094501,5,2211,N/A,61,50
1787094501,6,2208,N/A,59,50
1787094501,7,2202,N/A,55,44
1787094503,0,2201,N/A,59,51
1787094503,1,2210,N/A,55,46
1787094503,2,2206,N/A,61,52
1787094503,3,2205,N/A,53,43
1787094503,4,2207,N/A,55,44
1787094503,5,2211,N/A,61,50
1787094503,6,2210,N/A,59,50
1787094503,7,2202,N/A,55,44
1787094505,0,2201,N/A,59,51
1787094505,1,2209,N/A,55,47
1787094505,2,2205,N/A,61,52
1787094505,3,2207,N/A,53,43
1787094505,4,2207,N/A,55,44
1787094505,5,2211,N/A,61,50
1787094505,6,2210,N/A,59,50
1787094505,7,2194,N/A,55,44
1787094507,0,2201,N/A,59,51
1787094507,1,2208,N/A,55,46
1787094507,2,2205,N/A,61,52
1787094507,3,2202,N/A,53,43
1787094507,4,2204,N/A,55,43
1787094507,5,2210,N/A,61,50
1787094507,6,2209,N/A,59,49
1787094507,7,2198,N/A,55,44
1787094510,0,2201,N/A,59,51
1787094510,1,2208,N/A,55,47
1787094510,2,2205,N/A,61,52
1787094510,3,2207,N/A,53,43
1787094510,4,2207,N/A,55,44
1787094510,5,2212,N/A,61,50
1787094510,6,2210,N/A,59,49
1787094510,7,2200,N/A,55,44
1787094512,0,2075,N/A,59,51
1787094512,1,1987,N/A,55,46
1787094512,2,2043,N/A,61,52
1787094512,3,2108,N/A,53,43
1787094512,4,1840,N/A,55,44
1787094512,5,1579,N/A,61,50
1787094512,6,1743,N/A,59,50
1787094512,7,1943,N/A,55,44
1787094514,0,2201,N/A,59,51
1787094514,1,2208,N/A,55,46
1787094514,2,2205,N/A,61,52
1787094514,3,2208,N/A,53,42
1787094514,4,2206,N/A,55,44
1787094514,5,2209,N/A,61,50
1787094514,6,2208,N/A,59,49
1787094514,7,2202,N/A,55,44
1787094516,0,2202,N/A,59,50
1787094516,1,2210,N/A,55,46
1787094516,2,2207,N/A,61,52
1787094516,3,2209,N/A,53,43
1787094516,4,2207,N/A,55,44
1787094516,5,2212,N/A,61,50
1787094516,6,2210,N/A,59,50
1787094516,7,2203,N/A,55,44
1787094518,0,1682,N/A,59,51
1787094518,1,1886,N/A,55,46
1787094518,2,1757,N/A,61,51
1787094518,3,1600,N/A,53,42
1787094518,4,2184,N/A,55,44
1787094518,5,2212,N/A,61,50
1787094518,6,2210,N/A,59,49
1787094518,7,1951,N/A,55,44
1787094520,0,2203,N/A,59,51
1787094520,1,2211,N/A,55,46
1787094520,2,2204,N/A,61,52
1787094520,3,2208,N/A,53,42
1787094520,4,2208,N/A,55,44
1787094520,5,2211,N/A,61,50
1787094520,6,2209,N/A,59,49
1787094520,7,2202,N/A,55,44
1787094523,0,2200,N/A,59,51
1787094523,1,2210,N/A,55,46
1787094523,2,2206,N/A,61,52
1787094523,3,2208,N/A,53,42
1787094523,4,2208,N/A,55,43
1787094523,5,2211,N/A,61,50
1787094523,6,2210,N/A,59,49
1787094523,7,2202,N/A,55,44
1787094525,0,2202,N/A,59,50
1787094525,1,2210,N/A,55,46
1787094525,2,2207,N/A,61,52
1787094525,3,2208,N/A,53,42
1787094525,4,2208,N/A,55,44
1787094525,5,2212,N/A,61,50
1787094525,6,2209,N/A,59,50
1787094525,7,2202,N/A,55,44
1787094527,0,2199,N/A,59,50
1787094527,1,2208,N/A,55,46
1787094527,2,2206,N/A,61,52
1787094527,3,2206,N/A,53,43
1787094527,4,2206,N/A,55,44
1787094527,5,2210,N/A,61,50
1787094527,6,2206,N/A,59,49
1787094527,7,2200,N/A,55,44
1787094529,0,2201,N/A,59,51
1787094529,1,2207,N/A,55,46
1787094529,2,2206,N/A,61,52
1787094529,3,2206,N/A,53,42
1787094529,4,2207,N/A,55,44
1787094529,5,2210,N/A,61,50
1787094529,6,2208,N/A,59,49
1787094529,7,2202,N/A,55,44
1787094531,0,2200,N/A,59,51
1787094531,1,2208,N/A,55,46
1787094531,2,2206,N/A,61,52
1787094531,3,2206,N/A,53,43
1787094531,4,2207,N/A,55,44
1787094531,5,2211,N/A,61,50
1787094531,6,2207,N/A,59,49
1787094531,7,2202,N/A,55,44
1787094533,0,2201,N/A,59,51
1787094533,1,2208,N/A,55,47
1787094533,2,2206,N/A,61,52
1787094533,3,2206,N/A,53,43
1787094533,4,2207,N/A,55,43
1787094533,5,2210,N/A,61,50
1787094533,6,2207,N/A,59,49
1787094533,7,2199,N/A,55,44
1787094535,0,2201,N/A,59,51
1787094535,1,2207,N/A,55,47
1787094535,2,2206,N/A,61,52
1787094535,3,2206,N/A,53,43
1787094535,4,2206,N/A,55,44
1787094535,5,2211,N/A,61,50
1787094535,6,2207,N/A,59,49
1787094535,7,2201,N/A,55,44
1787094538,0,2201,N/A,59,51
1787094538,1,2206,N/A,55,46
1787094538,2,2206,N/A,61,52
1787094538,3,2206,N/A,53,43
1787094538,4,2207,N/A,55,44
1787094538,5,2211,N/A,61,50
1787094538,6,2208,N/A,59,49
1787094538,7,2200,N/A,55,44
1787094540,0,2201,N/A,59,51
1787094540,1,2209,N/A,55,46
1787094540,2,2206,N/A,61,52
1787094540,3,2201,N/A,53,43
1787094540,4,2201,N/A,55,43
1787094540,5,2212,N/A,61,50
1787094540,6,2209,N/A,59,49
1787094540,7,2203,N/A,55,44
1787094542,0,2200,N/A,59,51
1787094542,1,2208,N/A,55,46
1787094542,2,2206,N/A,61,52
1787094542,3,2201,N/A,53,43
1787094542,4,2205,N/A,55,44
1787094542,5,2211,N/A,61,50
1787094542,6,2198,N/A,59,49
1787094542,7,2201,N/A,55,44
1787094544,0,2195,N/A,59,51
1787094544,1,2207,N/A,55,47
1787094544,2,2206,N/A,61,52
1787094544,3,2202,N/A,53,43
1787094544,4,2208,N/A,55,43
1787094544,5,2211,N/A,61,50
1787094544,6,2202,N/A,59,49
1787094544,7,2198,N/A,55,44
1787094546,0,2201,N/A,59,50
1787094546,1,2207,N/A,55,46
1787094546,2,2205,N/A,61,52
1787094546,3,2207,N/A,53,43
1787094546,4,2204,N/A,55,43
1787094546,5,2210,N/A,61,50
1787094546,6,2209,N/A,59,49
1787094546,7,2202,N/A,55,44
1787094548,0,1689,N/A,59,50
1787094548,1,1932,N/A,55,46
1787094548,2,1759,N/A,61,52
1787094548,3,1510,N/A,53,42
1787094548,4,2060,N/A,55,44
1787094548,5,2093,N/A,61,50
1787094548,6,2123,N/A,59,49
1787094548,7,1857,N/A,55,44
1787094551,0,1657,N/A,59,50
1787094551,1,1236,N/A,55,46
1787094551,2,1493,N/A,61,51
1787094551,3,1840,N/A,53,42
1787094551,4,572,N/A,55,44
1787094551,5,167,N/A,61,50
1787094551,6,268,N/A,59,49
1787094551,7,1048,N/A,55,44
1787094553,0,2203,N/A,59,51
1787094553,1,2211,N/A,55,46
1787094553,2,2207,N/A,61,52
1787094553,3,2208,N/A,53,43
1787094553,4,2208,N/A,55,44
1787094553,5,2211,N/A,61,50
1787094553,6,2209,N/A,59,49
1787094553,7,2203,N/A,55,44
1787094555,0,2202,N/A,59,51
1787094555,1,2210,N/A,55,46
1787094555,2,2207,N/A,61,52
1787094555,3,2209,N/A,53,43
1787094555,4,2207,N/A,55,44
1787094555,5,2211,N/A,61,50
1787094555,6,2210,N/A,59,49
1787094555,7,2204,N/A,55,44
1787094557,0,2196,N/A,59,51
1787094557,1,2205,N/A,55,46
1787094557,2,2201,N/A,61,52
1787094557,3,2202,N/A,53,42
1787094557,4,2202,N/A,55,44
1787094557,5,2206,N/A,61,50
1787094557,6,2204,N/A,59,49
1787094557,7,2199,N/A,55,44
1787094559,0,2202,N/A,59,50
1787094559,1,2194,N/A,55,46
1787094559,2,2206,N/A,61,52
1787094559,3,2208,N/A,53,43
1787094559,4,2208,N/A,55,44
1787094559,5,2212,N/A,61,50
1787094559,6,2210,N/A,59,49
1787094559,7,2204,N/A,55,44
1787094561,0,2201,N/A,59,50
1787094561,1,2210,N/A,55,46
1787094561,2,2206,N/A,61,52
1787094561,3,2209,N/A,53,43
1787094561,4,2208,N/A,55,44
1787094561,5,2212,N/A,61,50
1787094561,6,2209,N/A,59,49
1787094561,7,2192,N/A,55,44
1787094564,0,2201,N/A,59,51
1787094564,1,2207,N/A,55,46
1787094564,2,2205,N/A,61,52
1787094564,3,2206,N/A,53,42
1787094564,4,2206,N/A,55,43
1787094564,5,2211,N/A,61,50
1787094564,6,2207,N/A,59,49
1787094564,7,2199,N/A,55,44
1787094566,0,2199,N/A,59,50
1787094566,1,2208,N/A,55,46
1787094566,2,2204,N/A,61,51
1787094566,3,2207,N/A,53,42
1787094566,4,2206,N/A,55,43
1787094566,5,2211,N/A,61,50
1787094566,6,2207,N/A,59,49
1787094566,7,2202,N/A,55,44
1787094568,0,2200,N/A,59,50
1787094568,1,2208,N/A,55,46
1787094568,2,2206,N/A,61,52
1787094568,3,2207,N/A,53,42
1787094568,4,2207,N/A,55,44
1787094568,5,2210,N/A,61,50
1787094568,6,2205,N/A,59,49
1787094568,7,2199,N/A,55,44
1787094570,0,2201,N/A,59,51
1787094570,1,2208,N/A,55,46
1787094570,2,2205,N/A,61,51
1787094570,3,2208,N/A,53,42
1787094570,4,2207,N/A,55,43
1787094570,5,2210,N/A,61,50
1787094570,6,2206,N/A,59,49
1787094570,7,2200,N/A,55,44
1787094572,0,2201,N/A,59,51
1787094572,1,2208,N/A,55,46
1787094572,2,2206,N/A,61,52
1787094572,3,2208,N/A,53,42
1787094572,4,2208,N/A,55,43
1787094572,5,2210,N/A,61,50
1787094572,6,2207,N/A,59,49
1787094572,7,2202,N/A,55,44
1787094574,0,2196,N/A,59,50
1787094574,1,2206,N/A,55,46
1787094574,2,2203,N/A,61,52
1787094574,3,2207,N/A,53,43
1787094574,4,2205,N/A,55,44
1787094574,5,2210,N/A,61,50
1787094574,6,2207,N/A,59,49
1787094574,7,2201,N/A,55,44
1787094576,0,2200,N/A,59,50
1787094576,1,2209,N/A,55,46
1787094576,2,2205,N/A,61,51
1787094576,3,2208,N/A,53,42
1787094576,4,2207,N/A,55,44
1787094576,5,2211,N/A,61,50
1787094576,6,2205,N/A,59,49
1787094576,7,2201,N/A,55,44
1787094579,0,2201,N/A,59,50
1787094579,1,2210,N/A,55,46
1787094579,2,2204,N/A,61,51
1787094579,3,2208,N/A,53,43
1787094579,4,2207,N/A,55,44
1787094579,5,2211,N/A,61,50
1787094579,6,2208,N/A,59,49
1787094579,7,2200,N/A,55,45
1787094581,0,2201,N/A,59,50
1787094581,1,2209,N/A,55,46
1787094581,2,2205,N/A,61,51
1787094581,3,2206,N/A,53,43
1787094581,4,2207,N/A,55,44
1787094581,5,2211,N/A,61,50
1787094581,6,2208,N/A,59,49
1787094581,7,2200,N/A,55,44
1787094583,0,2201,N/A,59,51
1787094583,1,2209,N/A,55,46
1787094583,2,2205,N/A,61,52
1787094583,3,2209,N/A,53,43
1787094583,4,2206,N/A,55,44
1787094583,5,2211,N/A,61,50
1787094583,6,2208,N/A,59,49
1787094583,7,2196,N/A,55,44
1787094585,0,1906,N/A,59,50
1787094585,1,1703,N/A,55,46
1787094585,2,1828,N/A,61,51
1787094585,3,2007,N/A,53,43
1787094585,4,1370,N/A,55,44
1787094585,5,774,N/A,61,50
1787094585,6,1142,N/A,59,49
1787094585,7,1603,N/A,55,44
1787094587,0,480,N/A,59,51
1787094587,1,213,N/A,55,46
1787094587,2,208,N/A,61,51
1787094587,3,1059,N/A,53,43
1787094587,4,214,N/A,55,44
1787094587,5,212,N/A,61,50
1787094587,6,213,N/A,59,49
1787094587,7,206,N/A,55,44
1787094589,0,2201,N/A,59,50
1787094589,1,2210,N/A,55,47
1787094589,2,2206,N/A,61,51
1787094589,3,2208,N/A,53,42
1787094589,4,2207,N/A,55,44
1787094589,5,2212,N/A,61,50
1787094589,6,2210,N/A,59,50
1787094589,7,2202,N/A,55,44
1787094592,0,2202,N/A,59,50
1787094592,1,2210,N/A,55,46
1787094592,2,2206,N/A,61,52
1787094592,3,2208,N/A,53,43
1787094592,4,2207,N/A,55,44
1787094592,5,2212,N/A,61,50
1787094592,6,2209,N/A,59,49
1787094592,7,2202,N/A,55,44
1787094594,0,2178,N/A,59,50
1787094594,1,2188,N/A,55,46
1787094594,2,2184,N/A,61,51
1787094594,3,2187,N/A,53,42
1787094594,4,2187,N/A,55,44
1787094594,5,2192,N/A,61,49
1787094594,6,2189,N/A,59,49
1787094594,7,2183,N/A,55,44
1787094596,0,2200,N/A,59,50
1787094596,1,2207,N/A,55,46
1787094596,2,2206,N/A,61,52
1787094596,3,2209,N/A,53,43
1787094596,4,2208,N/A,55,44
1787094596,5,2211,N/A,61,50
1787094596,6,2209,N/A,59,49
1787094596,7,2202,N/A,55,44
1787094598,0,2201,N/A,59,50
1787094598,1,2210,N/A,55,46
1787094598,2,2206,N/A,61,52
1787094598,3,2209,N/A,53,43
1787094598,4,2208,N/A,55,43
1787094598,5,2212,N/A,61,50
1787094598,6,2198,N/A,59,49
1787094598,7,2203,N/A,55,44
1787094600,0,2200,N/A,59,51
1787094600,1,2209,N/A,55,46
1787094600,2,2205,N/A,61,51
1787094600,3,2209,N/A,53,43
1787094600,4,2206,N/A,55,43
1787094600,5,2211,N/A,61,50
1787094600,6,2206,N/A,59,49
1787094600,7,2202,N/A,55,44
1787094602,0,2199,N/A,59,50
1787094602,1,2208,N/A,55,47
1787094602,2,2205,N/A,61,52
1787094602,3,2208,N/A,53,43
1787094602,4,2207,N/A,55,44
1787094602,5,2212,N/A,61,50
1787094602,6,2209,N/A,59,49
1787094602,7,2200,N/A,55,44
1787094604,0,2201,N/A,59,50
1787094604,1,2209,N/A,55,46
1787094604,2,2205,N/A,61,52
1787094604,3,2208,N/A,53,43
1787094604,4,2207,N/A,55,44
1787094604,5,2211,N/A,61,50
1787094604,6,2208,N/A,59,49
1787094604,7,2202,N/A,55,44
1787094607,0,2200,N/A,59,51
1787094607,1,2209,N/A,55,46
1787094607,2,2205,N/A,61,52
1787094607,3,2208,N/A,53,43
1787094607,4,2208,N/A,55,44
1787094607,5,2211,N/A,61,50
1787094607,6,2208,N/A,59,49
1787094607,7,2202,N/A,55,44
1787094609,0,2201,N/A,59,51
1787094609,1,2208,N/A,55,46
1787094609,2,2205,N/A,61,51
1787094609,3,2208,N/A,53,43
1787094609,4,2207,N/A,55,44
1787094609,5,2210,N/A,61,50
1787094609,6,2209,N/A,59,49
1787094609,7,2202,N/A,55,44
1787094611,0,2200,N/A,59,50
1787094611,1,2207,N/A,55,46
1787094611,2,2202,N/A,61,52
1787094611,3,2206,N/A,53,43
1787094611,4,2204,N/A,55,44
1787094611,5,2209,N/A,61,50
1787094611,6,2208,N/A,59,49
1787094611,7,2200,N/A,55,44
1787094613,0,2201,N/A,59,51
1787094613,1,2209,N/A,55,46
1787094613,2,2205,N/A,61,51
1787094613,3,2208,N/A,53,43
1787094613,4,2206,N/A,55,44
1787094613,5,2210,N/A,61,50
1787094613,6,2209,N/A,59,49
1787094613,7,2200,N/A,55,44
1787094615,0,2201,N/A,59,51
1787094615,1,2208,N/A,55,47
1787094615,2,2205,N/A,61,52
1787094615,3,2207,N/A,53,43
1787094615,4,2201,N/A,55,44
1787094615,5,2210,N/A,61,50
1787094615,6,2209,N/A,59,49
1787094615,7,2201,N/A,55,45
1787094617,0,2201,N/A,59,50
1787094617,1,2209,N/A,55,46
1787094617,2,2205,N/A,61,51
1787094617,3,2208,N/A,53,43
1787094617,4,2207,N/A,55,44
1787094617,5,2212,N/A,61,50
1787094617,6,2209,N/A,59,49
1787094617,7,2201,N/A,55,44
1787094620,0,2202,N/A,59,51
1787094620,1,2208,N/A,55,46
1787094620,2,2205,N/A,61,51
1787094620,3,2209,N/A,53,43
1787094620,4,2202,N/A,55,44
1787094620,5,2211,N/A,61,50
1787094620,6,2206,N/A,59,49
1787094620,7,2200,N/A,55,44
1787094622,0,293,N/A,59,51
1787094622,1,306,N/A,55,46
1787094622,2,292,N/A,61,52
1787094622,3,276,N/A,53,43
1787094622,4,316,N/A,55,44
1787094622,5,327,N/A,61,50
1787094622,6,319,N/A,59,49
1787094622,7,291,N/A,55,44
1787094624,0,1345,N/A,59,50
1787094624,1,1482,N/A,55,46
1787094624,2,1393,N/A,61,52
1787094624,3,1241,N/A,53,43
1787094624,4,1627,N/A,55,44
1787094624,5,1771,N/A,61,50
1787094624,6,1658,N/A,59,50
1787094624,7,1473,N/A,55,45
1787094626,0,2203,N/A,59,50
1787094626,1,2211,N/A,55,46
1787094626,2,2206,N/A,61,52
1787094626,3,2208,N/A,53,43
1787094626,4,2207,N/A,55,44
1787094626,5,2212,N/A,61,50
1787094626,6,2209,N/A,59,49
1787094626,7,2203,N/A,55,44
1787094628,0,2203,N/A,59,51
1787094628,1,2210,N/A,55,46
1787094628,2,2206,N/A,61,52
1787094628,3,2209,N/A,53,42
1787094628,4,2208,N/A,55,44
1787094628,5,2212,N/A,61,50
1787094628,6,2209,N/A,59,49
1787094628,7,2203,N/A,55,44
1787094630,0,1434,N/A,59,51
1787094630,1,1481,N/A,55,46
1787094630,2,1508,N/A,61,51
1787094630,3,1532,N/A,53,42
1787094630,4,1546,N/A,55,44
1787094630,5,1550,N/A,61,50
1787094630,6,1571,N/A,59,50
1787094630,7,1583,N/A,55,44
1787094633,0,2202,N/A,59,51
1787094633,1,2196,N/A,55,47
1787094633,2,2206,N/A,61,52
1787094633,3,2209,N/A,53,42
1787094633,4,2208,N/A,55,43
1787094633,5,2211,N/A,61,50
1787094633,6,2208,N/A,59,50
1787094633,7,2034,N/A,55,44
1787094635,0,2202,N/A,59,51
1787094635,1,2195,N/A,55,46
1787094635,2,2206,N/A,61,52
1787094635,3,2202,N/A,53,42
1787094635,4,1977,N/A,55,44
1787094635,5,2212,N/A,61,50
1787094635,6,2209,N/A,59,49
1787094635,7,2204,N/A,55,44
1787094637,0,2203,N/A,59,51
1787094637,1,2208,N/A,55,47
1787094637,2,2206,N/A,61,52
1787094637,3,2208,N/A,53,43
1787094637,4,2206,N/A,55,44
1787094637,5,2210,N/A,61,50
1787094637,6,2207,N/A,59,49
1787094637,7,2202,N/A,55,44
1787094639,0,2202,N/A,59,51
1787094639,1,2208,N/A,55,46
1787094639,2,2205,N/A,61,51
1787094639,3,2207,N/A,53,42
1787094639,4,2206,N/A,55,43
1787094639,5,2211,N/A,61,50
1787094639,6,2207,N/A,59,50
1787094639,7,2203,N/A,55,44
1787094641,0,2201,N/A,59,51
1787094641,1,2208,N/A,55,47
1787094641,2,2205,N/A,61,52
1787094641,3,2206,N/A,53,43
1787094641,4,2208,N/A,55,44
1787094641,5,2211,N/A,61,50
1787094641,6,2209,N/A,59,49
1787094641,7,2201,N/A,55,44
1787094643,0,2202,N/A,59,51
1787094643,1,2207,N/A,55,46
1787094643,2,2204,N/A,61,52
1787094643,3,2208,N/A,53,43
1787094643,4,2208,N/A,55,44
1787094643,5,2212,N/A,61,50
1787094643,6,2209,N/A,59,50
1787094643,7,2203,N/A,55,44
1787094645,0,2202,N/A,59,51
1787094645,1,2209,N/A,55,46
1787094645,2,2205,N/A,61,52
1787094645,3,2208,N/A,53,42
1787094645,4,2206,N/A,55,44
1787094645,5,2211,N/A,61,50
1787094645,6,2208,N/A,59,50
1787094645,7,2203,N/A,55,44
1787094648,0,2201,N/A,59,51
1787094648,1,2208,N/A,55,46
1787094648,2,2205,N/A,61,52
1787094648,3,2208,N/A,53,42
1787094648,4,2207,N/A,55,44
1787094648,5,2211,N/A,61,50
1787094648,6,2207,N/A,59,49
1787094648,7,2202,N/A,55,44
1787094650,0,2203,N/A,59,51
1787094650,1,2209,N/A,55,46
1787094650,2,2206,N/A,61,52
1787094650,3,2208,N/A,53,43
1787094650,4,2207,N/A,55,44
1787094650,5,2212,N/A,61,50
1787094650,6,2209,N/A,59,50
1787094650,7,2195,N/A,55,44
1787094652,0,2201,N/A,59,51
1787094652,1,2208,N/A,55,46
1787094652,2,2205,N/A,61,52
1787094652,3,2207,N/A,53,43
1787094652,4,2205,N/A,55,44
1787094652,5,2212,N/A,61,50
1787094652,6,2205,N/A,59,49
1787094652,7,2203,N/A,55,44
1787094654,0,2202,N/A,59,51
1787094654,1,2208,N/A,55,47
1787094654,2,2205,N/A,61,52
1787094654,3,2208,N/A,53,42
1787094654,4,2205,N/A,55,44
1787094654,5,2212,N/A,61,50
1787094654,6,2209,N/A,59,49
1787094654,7,2199,N/A,55,44
1787094656,0,2202,N/A,59,51
1787094656,1,2209,N/A,55,46
1787094656,2,2205,N/A,61,52
1787094656,3,2201,N/A,53,42
1787094656,4,2203,N/A,55,44
1787094656,5,2211,N/A,61,50
1787094656,6,2209,N/A,59,49
1787094656,7,2198,N/A,55,44
1787094658,0,2201,N/A,59,51
1787094658,1,2209,N/A,55,46
1787094658,2,2205,N/A,61,52
1787094658,3,2208,N/A,53,42
1787094658,4,2207,N/A,55,44
1787094658,5,2211,N/A,61,50
1787094658,6,2206,N/A,59,50
1787094658,7,2202,N/A,55,44
1787094661,0,2117,N/A,59,51
1787094661,1,2059,N/A,55,47
1787094661,2,2099,N/A,61,52
1787094661,3,2148,N/A,53,43
1787094661,4,1990,N/A,55,44
1787094661,5,1840,N/A,61,50
1787094661,6,1939,N/A,59,49
1787094661,7,2050,N/A,55,44
1787094663,0,2202,N/A,59,51
1787094663,1,2210,N/A,55,47
1787094663,2,2206,N/A,61,52
1787094663,3,2208,N/A,53,42
1787094663,4,2207,N/A,55,44
1787094663,5,2212,N/A,61,50
1787094663,6,2209,N/A,59,49
1787094663,7,2203,N/A,55,44
1787094665,0,2202,N/A,59,51
1787094665,1,2210,N/A,55,46
1787094665,2,2206,N/A,61,51
1787094665,3,2207,N/A,53,43
1787094665,4,2208,N/A,55,44
1787094665,5,2212,N/A,61,50
1787094665,6,2209,N/A,59,49
1787094665,7,2203,N/A,55,44
1787094667,0,1590,N/A,59,51
1787094667,1,1717,N/A,55,46
1787094667,2,1635,N/A,61,51
1787094667,3,1536,N/A,53,42
1787094667,4,1918,N/A,55,43
1787094667,5,2213,N/A,61,50
1787094667,6,2056,N/A,59,49
1787094667,7,1763,N/A,55,44
1787094669,0,2202,N/A,59,51
1787094669,1,2210,N/A,55,46
1787094669,2,2206,N/A,61,51
1787094669,3,2208,N/A,53,43
1787094669,4,2207,N/A,55,43
1787094669,5,2213,N/A,61,50
1787094669,6,2209,N/A,59,49
1787094669,7,2203,N/A,55,44
1787094671,0,2203,N/A,59,51
1787094671,1,2210,N/A,55,46
1787094671,2,2206,N/A,61,52
1787094671,3,2208,N/A,53,43
1787094671,4,2208,N/A,55,43
1787094671,5,2212,N/A,61,50
1787094671,6,2209,N/A,59,49
1787094671,7,2203,N/A,55,44
1787094673,0,2196,N/A,59,50
1787094673,1,2210,N/A,55,46
1787094673,2,2205,N/A,61,52
1787094673,3,2208,N/A,53,43
1787094673,4,2208,N/A,55,43
1787094673,5,2211,N/A,61,50
1787094673,6,2209,N/A,59,49
1787094673,7,2203,N/A,55,44
1787094676,0,2200,N/A,59,51
1787094676,1,2208,N/A,55,46
1787094676,2,2205,N/A,61,52
1787094676,3,2208,N/A,53,42
1787094676,4,2208,N/A,55,44
1787094676,5,2210,N/A,61,50
1787094676,6,2208,N/A,59,49
1787094676,7,2201,N/A,55,44
1787094678,0,2199,N/A,59,51
1787094678,1,2209,N/A,55,46
1787094678,2,2206,N/A,61,52
1787094678,3,2208,N/A,53,43
1787094678,4,2207,N/A,55,44
1787094678,5,2210,N/A,61,50
1787094678,6,2208,N/A,59,49
1787094678,7,2200,N/A,55,44
1787094680,0,2198,N/A,59,51
1787094680,1,2209,N/A,55,46
1787094680,2,2205,N/A,61,52
1787094680,3,2208,N/A,53,42
1787094680,4,2205,N/A,55,44
1787094680,5,2210,N/A,61,50
1787094680,6,2208,N/A,59,49
1787094680,7,2202,N/A,55,44
1787094682,0,2201,N/A,59,51
1787094682,1,2208,N/A,55,46
1787094682,2,2205,N/A,61,52
1787094682,3,2207,N/A,53,43
1787094682,4,2206,N/A,55,44
1787094682,5,2211,N/A,61,50
1787094682,6,2208,N/A,59,49
1787094682,7,2203,N/A,55,44
1787094684,0,2203,N/A,59,51
1787094684,1,2208,N/A,55,46
1787094684,2,2205,N/A,61,52
1787094684,3,2206,N/A,53,42
1787094684,4,2206,N/A,55,44
1787094684,5,2211,N/A,61,50
1787094684,6,2206,N/A,59,49
1787094684,7,2203,N/A,55,44
1787094686,0,2202,N/A,59,51
1787094686,1,2208,N/A,55,46
1787094686,2,2204,N/A,61,52
1787094686,3,2208,N/A,53,43
1787094686,4,2205,N/A,55,44
1787094686,5,2212,N/A,61,50
1787094686,6,2205,N/A,59,49
1787094686,7,2201,N/A,55,44
1787094689,0,2202,N/A,59,51
1787094689,1,2210,N/A,55,46
1787094689,2,2205,N/A,61,52
1787094689,3,2209,N/A,53,43
1787094689,4,2208,N/A,55,44
1787094689,5,2212,N/A,61,50
1787094689,6,2208,N/A,59,49
1787094689,7,2195,N/A,55,44
1787094691,0,2196,N/A,59,51
1787094691,1,2209,N/A,55,46
1787094691,2,2205,N/A,61,52
1787094691,3,2207,N/A,53,43
1787094691,4,2201,N/A,55,43
1787094691,5,2211,N/A,61,50
1787094691,6,2208,N/A,59,49
1787094691,7,2202,N/A,55,44
1787094693,0,2201,N/A,59,50
1787094693,1,2208,N/A,55,46
1787094693,2,2205,N/A,61,52
1787094693,3,2206,N/A,53,43
1787094693,4,2207,N/A,55,43
1787094693,5,2211,N/A,61,50
1787094693,6,2208,N/A,59,49
1787094693,7,2202,N/A,55,44
1787094695,0,2202,N/A,59,51
1787094695,1,2209,N/A,55,46
1787094695,2,2205,N/A,61,52
1787094695,3,2208,N/A,53,43
1787094695,4,2207,N/A,55,43
1787094695,5,2212,N/A,61,50
1787094695,6,2198,N/A,59,49
1787094695,7,2202,N/A,55,44
1787094697,0,328,N/A,59,51
1787094697,1,345,N/A,55,46
1787094697,2,326,N/A,61,52
1787094697,3,309,N/A,53,43
1787094697,4,340,N/A,55,43
1787094697,5,357,N/A,61,50
1787094697,6,343,N/A,59,49
1787094697,7,320,N/A,55,44
1787094699,0,2159,N/A,59,50
1787094699,1,2136,N/A,55,46
1787094699,2,2151,N/A,61,51
1787094699,3,2180,N/A,53,43
1787094699,4,2077,N/A,55,44
1787094699,5,1990,N/A,61,50
1787094699,6,2048,N/A,59,49
1787094699,7,2115,N/A,55,44
1787094702,0,2203,N/A,59,51
1787094702,1,2211,N/A,55,46
1787094702,2,2206,N/A,61,52
1787094702,3,2208,N/A,53,43
1787094702,4,2202,N/A,55,44
1787094702,5,2211,N/A,61,50
1787094702,6,2210,N/A,59,49
1787094702,7,2203,N/A,55,44
1787094704,0,2203,N/A,59,51
1787094704,1,2211,N/A,55,46
1787094704,2,2206,N/A,61,51
1787094704,3,2208,N/A,53,42
1787094704,4,2201,N/A,55,44
1787094704,5,2211,N/A,61,50
1787094704,6,2209,N/A,59,49
1787094704,7,2203,N/A,55,44
1787094706,0,2178,N/A,59,50
1787094706,1,2186,N/A,55,46
1787094706,2,2183,N/A,61,52
1787094706,3,2184,N/A,53,42
1787094706,4,2186,N/A,55,43
1787094706,5,2190,N/A,61,50
1787094706,6,2178,N/A,59,49
1787094706,7,2183,N/A,55,44
1787094708,0,2204,N/A,59,50
1787094708,1,2190,N/A,55,46
1787094708,2,2207,N/A,61,52
1787094708,3,2208,N/A,53,43
1787094708,4,2207,N/A,55,44
1787094708,5,2211,N/A,61,50
1787094708,6,2209,N/A,59,49
1787094708,7,2203,N/A,55,44
1787094710,0,2202,N/A,59,51
1787094710,1,2200,N/A,55,46
1787094710,2,2206,N/A,61,51
1787094710,3,2208,N/A,53,42
1787094710,4,2208,N/A,55,44
1787094710,5,2212,N/A,61,50
1787094710,6,2209,N/A,59,49
1787094710,7,2157,N/A,55,44
1787094712,0,2202,N/A,59,50
1787094712,1,2208,N/A,55,46
1787094712,2,2204,N/A,61,52
1787094712,3,2207,N/A,53,43
1787094712,4,2207,N/A,55,44
1787094712,5,2211,N/A,61,50
1787094712,6,2208,N/A,59,49
1787094712,7,2202,N/A,55,44
1787094714,0,2202,N/A,59,50
1787094714,1,2209,N/A,55,46
1787094714,2,2206,N/A,61,52
1787094714,3,2208,N/A,53,42
1787094714,4,2206,N/A,55,43
1787094714,5,2211,N/A,61,50
1787094714,6,2207,N/A,59,49
1787094714,7,2202,N/A,55,44
1787094717,0,2202,N/A,59,50
1787094717,1,2208,N/A,55,46
1787094717,2,2205,N/A,61,51
1787094717,3,2208,N/A,53,43
1787094717,4,2205,N/A,55,44
1787094717,5,2211,N/A,61,50
1787094717,6,2207,N/A,59,49
1787094717,7,2200,N/A,55,44
1787094719,0,2200,N/A,59,50
1787094719,1,2209,N/A,55,46
1787094719,2,2204,N/A,61,52
1787094719,3,2208,N/A,53,42
1787094719,4,2205,N/A,55,44
1787094719,5,2211,N/A,61,50
1787094719,6,2209,N/A,59,49
1787094719,7,2200,N/A,55,44
1787094721,0,2195,N/A,59,50
1787094721,1,2209,N/A,55,46
1787094721,2,2205,N/A,61,52
1787094721,3,2207,N/A,53,43
1787094721,4,2207,N/A,55,44
1787094721,5,2211,N/A,61,50
1787094721,6,2206,N/A,59,49
1787094721,7,2201,N/A,55,44
1787094723,0,2200,N/A,59,51
1787094723,1,2209,N/A,55,46
1787094723,2,2205,N/A,61,51
1787094723,3,2208,N/A,53,43
1787094723,4,2207,N/A,55,44
1787094723,5,2210,N/A,61,50
1787094723,6,2210,N/A,59,50
1787094723,7,2199,N/A,55,44
1787094725,0,2201,N/A,59,51
1787094725,1,2208,N/A,55,46
1787094725,2,2206,N/A,61,52
1787094725,3,2208,N/A,53,43
1787094725,4,2207,N/A,55,43
1787094725,5,2210,N/A,61,50
1787094725,6,2204,N/A,59,49
1787094725,7,2201,N/A,55,45
1787094727,0,2200,N/A,59,50
1787094727,1,2209,N/A,55,46
1787094727,2,2205,N/A,61,51
1787094727,3,2207,N/A,53,43
1787094727,4,2207,N/A,55,44
1787094727,5,2211,N/A,61,50
1787094727,6,2206,N/A,59,49
1787094727,7,2199,N/A,55,44
1787094730,0,2201,N/A,59,51
1787094730,1,2209,N/A,55,46
1787094730,2,2204,N/A,61,51
1787094730,3,2208,N/A,53,42
1787094730,4,2208,N/A,55,43
1787094730,5,2211,N/A,61,50
1787094730,6,2209,N/A,59,49
1787094730,7,2198,N/A,55,44
1787094732,0,2201,N/A,59,51
1787094732,1,2210,N/A,55,46
1787094732,2,2205,N/A,61,51
1787094732,3,2208,N/A,53,43
1787094732,4,2207,N/A,55,43
1787094732,5,2212,N/A,61,50
1787094732,6,2210,N/A,59,49
1787094732,7,2202,N/A,55,44
1787094734,0,2197,N/A,59,51
1787094734,1,2199,N/A,55,47
1787094734,2,2197,N/A,61,51
1787094734,3,2204,N/A,53,42
1787094734,4,2181,N/A,55,44
1787094734,5,2211,N/A,61,50
1787094734,6,2195,N/A,59,49
1787094734,7,2181,N/A,55,44
